"Status","Start Time","Stop Time","Duration in ms","Parent Suite","Suite","Sub Suite","Test Class","Test Method","Name","Description"
"passed","Wed Sep 09 08:19:33 UTC 2026","Wed Sep 09 08:19:33 UTC 2026","213","Sauce Demo Automation Suite","All Tests","tests.CheckoutFlowTest","tests.CheckoutFlowTest","TC_CHECKOUT_016_Postal_Code_Format_Validation","TC_CHECKOUT_016_Postal_Code_Format_Validation",""
"passed","Wed Sep 09 08:19:10 UTC 2026","Wed Sep 09 08:19:10 UTC 2026","227","Sauce Demo Automation Suite","All Tests","tests.CheckoutFlowTest","tests.CheckoutFlowTest","TC_CHECKOUT_004_Checkout_Empty_Postal_Code","TC_CHECKOUT_004_Checkout_Empty_Postal_Code",""
"passed","Wed Sep 09 08:19:54 UTC 2026","Wed Sep 09 08:19:54 UTC 2026","172","Sauce Demo Automation Suite","All Tests","tests.CartOperationsTest","tests.CartOperationsTest","TC_CART_007_Cart_Persistence_Across_Pages","TC_CART_007_Cart_Persistence_Across_Pages",""
"passed","Wed Sep 09 08:18:58 UTC 2026","Wed Sep 09 08:18:58 UTC 2026","44","Sauce Demo Automation Suite","All Tests","tests.ProductCatalogTest","tests.ProductCatalogTest","TC_PRODUCT_004_Sort_Price_Low_to_High","TC_PRODUCT_004_Sort_Price_Low_to_High",""
"passed","Wed Sep 09 08:19:20 UTC 2026","Wed Sep 09 08:19:20 UTC 2026","299","Sauce Demo Automation Suite","All Tests","tests.CheckoutFlowTest","tests.CheckoutFlowTest","TC_CHECKOUT_010_Cancel_from_Overview_Page","TC_CHECKOUT_010_Cancel_from_Overview_Page",""
"passed","Wed Sep 09 08:19:45 UTC 2026","Wed Sep 09 08:19:45 UTC 2026","102","Sauce Demo Automation Suite","All Tests","tests.NavigationAndUITest","tests.NavigationAndUITest","TC_NAV_006_Footer_Social_Links","TC_NAV_006_Footer_Social_Links",""
"passed","Wed Sep 09 08:19:47 UTC 2026","Wed Sep 09 08:19:47 UTC 2026","125","Sauce Demo Automation Suite","All Tests","tests.CartOperationsTest","tests.CartOperationsTest","TC_CART_001_View_Cart_with_Single_Item","TC_CART_001_View_Cart_with_Single_Item",""
"passed","Wed Sep 09 08:19:23 UTC 2026","Wed Sep 09 08:19:24 UTC 2026","394","Sauce Demo Automation Suite","All Tests","tests.CheckoutFlowTest","tests.CheckoutFlowTest","TC_CHECKOUT_013_Return_Home_After_Purchase","TC_CHECKOUT_013_Return_Home_After_Purchase",""
"passed","Wed Sep 09 08:19:48 UTC 2026","Wed Sep 09 08:19:49 UTC 2026","239","Sauce Demo Automation Suite","All Tests","tests.CartOperationsTest","tests.CartOperationsTest","TC_CART_002_View_Cart_with_Multiple_Items","TC_CART_002_View_Cart_with_Multiple_Items",""
"passed","Wed Sep 09 08:19:02 UTC 2026","Wed Sep 09 08:19:02 UTC 2026","59","Sauce Demo Automation Suite","All Tests","tests.ProductCatalogTest","tests.ProductCatalogTest","TC_PRODUCT_008_Add_to_Cart_from_Listing_Page","TC_PRODUCT_008_Add_to_Cart_from_Listing_Page",""
"passed","Wed Sep 09 08:19:53 UTC 2026","Wed Sep 09 08:19:53 UTC 2026","53","Sauce Demo Automation Suite","All Tests","tests.CartOperationsTest","tests.CartOperationsTest","TC_CART_006_View_Empty_Cart","TC_CART_006_View_Empty_Cart",""
"passed","Wed Sep 09 08:19:34 UTC 2026","Wed Sep 09 08:19:35 UTC 2026","188","Sauce Demo Automation Suite","All Tests","tests.CheckoutFlowTest","tests.CheckoutFlowTest","TC_CHECKOUT_016_Postal_Code_Format_Validation","TC_CHECKOUT_016_Postal_Code_Format_Validation",""
"passed","Wed Sep 09 08:18:42 UTC 2026","Wed Sep 09 08:18:42 UTC 2026","244","Sauce Demo Automation Suite","All Tests","tests.LoginTest","tests.LoginTest","TC_LOGIN_001_ValidLogin_StandardUser","TC_LOGIN_001_ValidLogin_StandardUser",""
"passed","Wed Sep 09 08:19:30 UTC 2026","Wed Sep 09 08:19:30 UTC 2026","224","Sauce Demo Automation Suite","All Tests","tests.CheckoutFlowTest","tests.CheckoutFlowTest","TC_CHECKOUT_016_Postal_Code_Format_Validation","TC_CHECKOUT_016_Postal_Code_Format_Validation",""
"passed","Wed Sep 09 08:19:38 UTC 2026","Wed Sep 09 08:19:38 UTC 2026","64","Sauce Demo Automation Suite","All Tests","tests.NavigationAndUITest","tests.NavigationAndUITest","TC_NAV_001_Hamburger_Menu_All_Options","TC_NAV_001_Hamburger_Menu_All_Options",""
"passed","Wed Sep 09 08:18:48 UTC 2026","Wed Sep 09 08:18:53 UTC 2026","5431","Sauce Demo Automation Suite","All Tests","tests.LoginTest","tests.LoginTest","TC_LOGIN_008_Performance_Glitch_User","TC_LOGIN_008_Performance_Glitch_User",""
"passed","Wed Sep 09 08:19:50 UTC 2026","Wed Sep 09 08:19:50 UTC 2026","195","Sauce Demo Automation Suite","All Tests","tests.CartOperationsTest","tests.CartOperationsTest","TC_CART_003_Remove_Item_from_Cart","TC_CART_003_Remove_Item_from_Cart",""
"passed","Wed Sep 09 08:19:31 UTC 2026","Wed Sep 09 08:19:31 UTC 2026","241","Sauce Demo Automation Suite","All Tests","tests.CheckoutFlowTest","tests.CheckoutFlowTest","TC_CHECKOUT_016_Postal_Code_Format_Validation","TC_CHECKOUT_016_Postal_Code_Format_Validation",""
"passed","Wed Sep 09 08:19:16 UTC 2026","Wed Sep 09 08:19:16 UTC 2026","234","Sauce Demo Automation Suite","All Tests","tests.CheckoutFlowTest","tests.CheckoutFlowTest","TC_CHECKOUT_007_Verify_Checkout_Overview_Details","TC_CHECKOUT_007_Verify_Checkout_Overview_Details",""
"passed","Wed Sep 09 08:19:04 UTC 2026","Wed Sep 09 08:19:04 UTC 2026","93","Sauce Demo Automation Suite","All Tests","tests.ProductCatalogTest","tests.ProductCatalogTest","TC_PRODUCT_010_Add_from_Product_Detail_Page","TC_PRODUCT_010_Add_from_Product_Detail_Page",""
"passed","Wed Sep 09 08:18:55 UTC 2026","Wed Sep 09 08:18:56 UTC 2026","48","Sauce Demo Automation Suite","All Tests","tests.ProductCatalogTest","tests.ProductCatalogTest","TC_PRODUCT_002_Sort_Products_A_to_Z","TC_PRODUCT_002_Sort_Products_A_to_Z",""
"passed","Wed Sep 09 08:19:09 UTC 2026","Wed Sep 09 08:19:09 UTC 2026","202","Sauce Demo Automation Suite","All Tests","tests.CheckoutFlowTest","tests.CheckoutFlowTest","TC_CHECKOUT_003_Checkout_Empty_Last_Name","TC_CHECKOUT_003_Checkout_Empty_Last_Name",""
"passed","Wed Sep 09 08:19:28 UTC 2026","Wed Sep 09 08:19:29 UTC 2026","205","Sauce Demo Automation Suite","All Tests","tests.CheckoutFlowTest","tests.CheckoutFlowTest","TC_CHECKOUT_016_Postal_Code_Format_Validation","TC_CHECKOUT_016_Postal_Code_Format_Validation",""
"passed","Wed Sep 09 08:18:43 UTC 2026","Wed Sep 09 08:18:44 UTC 2026","396","Sauce Demo Automation Suite","All Tests","tests.LoginTest","tests.LoginTest","TC_LOGIN_003_Invalid_Password","TC_LOGIN_003_Invalid_Password",""
"passed","Wed Sep 09 08:19:42 UTC 2026","Wed Sep 09 08:19:43 UTC 2026","751","Sauce Demo Automation Suite","All Tests","tests.NavigationAndUITest","tests.NavigationAndUITest","TC_NAV_004_About_Link_Navigation","TC_NAV_004_About_Link_Navigation",""
"passed","Wed Sep 09 08:18:46 UTC 2026","Wed Sep 09 08:18:46 UTC 2026","374","Sauce Demo Automation Suite","All Tests","tests.LoginTest","tests.LoginTest","TC_LOGIN_005_Empty_Password","TC_LOGIN_005_Empty_Password",""
"failed","Wed Sep 09 08:19:21 UTC 2026","Wed Sep 09 08:19:21 UTC 2026","292","Sauce Demo Automation Suite","All Tests","tests.CheckoutFlowTest","tests.CheckoutFlowTest","TC_CHECKOUT_011_Complete_Purchase","TC_CHECKOUT_011_Complete_Purchase",""
"passed","Wed Sep 09 08:19:01 UTC 2026","Wed Sep 09 08:19:01 UTC 2026","90","Sauce Demo Automation Suite","All Tests","tests.ProductCatalogTest","tests.ProductCatalogTest","TC_PRODUCT_007_Navigate_Back_from_Product_Details","TC_PRODUCT_007_Navigate_Back_from_Product_Details",""
"passed","Wed Sep 09 08:19:22 UTC 2026","Wed Sep 09 08:19:22 UTC 2026","251","Sauce Demo Automation Suite","All Tests","tests.CheckoutFlowTest","tests.CheckoutFlowTest","TC_CHECKOUT_012_Verify_Order_Confirmation_Message","TC_CHECKOUT_012_Verify_Order_Confirmation_Message",""
"passed","Wed Sep 09 08:18:43 UTC 2026","Wed Sep 09 08:18:43 UTC 2026","388","Sauce Demo Automation Suite","All Tests","tests.LoginTest","tests.LoginTest","TC_LOGIN_002_Invalid_Username","TC_LOGIN_002_Invalid_Username",""
"passed","Wed Sep 09 08:19:11 UTC 2026","Wed Sep 09 08:19:11 UTC 2026","267","Sauce Demo Automation Suite","All Tests","tests.CheckoutFlowTest","tests.CheckoutFlowTest","TC_CHECKOUT_005_Checkout_All_Fields_Empty","TC_CHECKOUT_005_Checkout_All_Fields_Empty",""
"passed","Wed Sep 09 08:19:35 UTC 2026","Wed Sep 09 08:19:36 UTC 2026","222","Sauce Demo Automation Suite","All Tests","tests.CheckoutFlowTest","tests.CheckoutFlowTest","TC_CHECKOUT_016_Postal_Code_Format_Validation","TC_CHECKOUT_016_Postal_Code_Format_Validation",""
"passed","Wed Sep 09 08:19:25 UTC 2026","Wed Sep 09 08:19:25 UTC 2026","327","Sauce Demo Automation Suite","All Tests","tests.CheckoutFlowTest","tests.CheckoutFlowTest","TC_CHECKOUT_014_Cart_Clears_After_Purchase","TC_CHECKOUT_014_Cart_Clears_After_Purchase",""
"passed","Wed Sep 09 08:19:37 UTC 2026","Wed Sep 09 08:19:37 UTC 2026","208","Sauce Demo Automation Suite","All Tests","tests.CheckoutFlowTest","tests.CheckoutFlowTest","TC_CHECKOUT_016_Postal_Code_Format_Validation","TC_CHECKOUT_016_Postal_Code_Format_Validation",""
"passed","Wed Sep 09 08:19:55 UTC 2026","Wed Sep 09 08:19:55 UTC 2026","121","Sauce Demo Automation Suite","All Tests","tests.CartOperationsTest","tests.CartOperationsTest","TC_CART_008_Proceed_to_Checkout_from_Cart_With_Item","TC_CART_008_Proceed_to_Checkout_from_Cart_With_Item",""
"passed","Wed Sep 09 08:19:27 UTC 2026","Wed Sep 09 08:19:27 UTC 2026","205","Sauce Demo Automation Suite","All Tests","tests.CheckoutFlowTest","tests.CheckoutFlowTest","TC_CHECKOUT_016_Postal_Code_Format_Validation","TC_CHECKOUT_016_Postal_Code_Format_Validation",""
"passed","Wed Sep 09 08:19:46 UTC 2026","Wed Sep 09 08:19:46 UTC 2026","13","Sauce Demo Automation Suite","All Tests","tests.NavigationAndUITest","tests.NavigationAndUITest","TC_NAV_007_Copyright_Text_Verification","TC_NAV_007_Copyright_Text_Verification",""
"passed","Wed Sep 09 08:19:03 UTC 2026","Wed Sep 09 08:19:03 UTC 2026","91","Sauce Demo Automation Suite","All Tests","tests.ProductCatalogTest","tests.ProductCatalogTest","TC_PRODUCT_009_Add_Multiple_Products","TC_PRODUCT_009_Add_Multiple_Products",""
"passed","Wed Sep 09 08:18:54 UTC 2026","Wed Sep 09 08:18:54 UTC 2026","102","Sauce Demo Automation Suite","All Tests","tests.ProductCatalogTest","tests.ProductCatalogTest","TC_PRODUCT_001_Verify_All_Products_Load","TC_PRODUCT_001_Verify_All_Products_Load",""
"passed","Wed Sep 09 08:19:18 UTC 2026","Wed Sep 09 08:19:19 UTC 2026","236","Sauce Demo Automation Suite","All Tests","tests.CheckoutFlowTest","tests.CheckoutFlowTest","TC_CHECKOUT_009_Verify_Tax_Calculation","TC_CHECKOUT_009_Verify_Tax_Calculation",""
"passed","Wed Sep 09 08:19:52 UTC 2026","Wed Sep 09 08:19:52 UTC 2026","139","Sauce Demo Automation Suite","All Tests","tests.CartOperationsTest","tests.CartOperationsTest","TC_CART_005_Continue_Shopping_from_Cart","TC_CART_005_Continue_Shopping_from_Cart",""
"passed","Wed Sep 09 08:19:14 UTC 2026","Wed Sep 09 08:19:14 UTC 2026","189","Sauce Demo Automation Suite","All Tests","tests.CheckoutFlowTest","tests.CheckoutFlowTest","TC_CHECKOUT_006_Cancel_from_Checkout_Step_One","TC_CHECKOUT_006_Cancel_from_Checkout_Step_One",""
"passed","Wed Sep 09 08:19:44 UTC 2026","Wed Sep 09 08:19:44 UTC 2026","664","Sauce Demo Automation Suite","All Tests","tests.NavigationAndUITest","tests.NavigationAndUITest","TC_NAV_005_All_Items_Navigation","TC_NAV_005_All_Items_Navigation",""
"unknown","Wed Sep 09 08:18:33 UTC 2026","Wed Sep 09 08:18:33 UTC 2026","0","Sauce Demo Automation Suite","All Tests","tests.LoginTest","tests.LoginTest","TC_LOGIN_007_Problem_User_Login","Known Bugs BUG-001: All products images should not be same",""
"passed","Wed Sep 09 08:19:39 UTC 2026","Wed Sep 09 08:19:40 UTC 2026","730","Sauce Demo Automation Suite","All Tests","tests.NavigationAndUITest","tests.NavigationAndUITest","TC_NAV_002_Logout_Functionality","TC_NAV_002_Logout_Functionality",""
"unknown","Wed Sep 09 08:18:33 UTC 2026","Wed Sep 09 08:18:33 UTC 2026","0","Sauce Demo Automation Suite","All Tests","tests.CartOperationsTest","tests.CartOperationsTest","TC_CART_008_Proceed_to_Checkout_from_Cart_Without_Item","Known Bugs BUG003: Moving to checkout with the blank cart",""
"unknown","Wed Sep 09 08:18:33 UTC 2026","Wed Sep 09 08:18:33 UTC 2026","1","Sauce Demo Automation Suite","All Tests","tests.NavigationAndUITest","tests.NavigationAndUITest","TC_NAV_008_Reset_App_State_From_Cart","Known Bugs BUG-002: Reset doesn't clear cart from cart page",""
"passed","Wed Sep 09 08:19:26 UTC 2026","Wed Sep 09 08:19:26 UTC 2026","315","Sauce Demo Automation Suite","All Tests","tests.CheckoutFlowTest","tests.CheckoutFlowTest","TC_CHECKOUT_015_End_to_End_Happy_Path","TC_CHECKOUT_015_End_to_End_Happy_Path",""
"passed","Wed Sep 09 08:19:06 UTC 2026","Wed Sep 09 08:19:07 UTC 2026","234","Sauce Demo Automation Suite","All Tests","tests.CheckoutFlowTest","tests.CheckoutFlowTest","TC_CHECKOUT_001_Checkout_Step_One_Valid_Info","TC_CHECKOUT_001_Checkout_Step_One_Valid_Info",""
"passed","Wed Sep 09 08:19:40 UTC 2026","Wed Sep 09 08:19:41 UTC 2026","631","Sauce Demo Automation Suite","All Tests","tests.NavigationAndUITest","tests.NavigationAndUITest","TC_NAV_003_Reset_App_State","TC_NAV_003_Reset_App_State",""
"passed","Wed Sep 09 08:19:51 UTC 2026","Wed Sep 09 08:19:51 UTC 2026","226","Sauce Demo Automation Suite","All Tests","tests.CartOperationsTest","tests.CartOperationsTest","TC_CART_004_Remove_All_Items","TC_CART_004_Remove_All_Items",""
"passed","Wed Sep 09 08:18:45 UTC 2026","Wed Sep 09 08:18:45 UTC 2026","542","Sauce Demo Automation Suite","All Tests","tests.LoginTest","tests.LoginTest","TC_LOGIN_004_Empty_Username","TC_LOGIN_004_Empty_Username",""
"passed","Wed Sep 09 08:18:57 UTC 2026","Wed Sep 09 08:18:57 UTC 2026","54","Sauce Demo Automation Suite","All Tests","tests.ProductCatalogTest","tests.ProductCatalogTest","TC_PRODUCT_003_Sort_Products_Z_to_A","TC_PRODUCT_003_Sort_Products_Z_to_A",""
"passed","Wed Sep 09 08:19:17 UTC 2026","Wed Sep 09 08:19:17 UTC 2026","386","Sauce Demo Automation Suite","All Tests","tests.CheckoutFlowTest","tests.CheckoutFlowTest","TC_CHECKOUT_008_Verify_Multiple_Items_in_Overview","TC_CHECKOUT_008_Verify_Multiple_Items_in_Overview",""
"passed","Wed Sep 09 08:19:32 UTC 2026","Wed Sep 09 08:19:32 UTC 2026","204","Sauce Demo Automation Suite","All Tests","tests.CheckoutFlowTest","tests.CheckoutFlowTest","TC_CHECKOUT_016_Postal_Code_Format_Validation","TC_CHECKOUT_016_Postal_Code_Format_Validation",""
"passed","Wed Sep 09 08:19:00 UTC 2026","Wed Sep 09 08:19:00 UTC 2026","106","Sauce Demo Automation Suite","All Tests","tests.ProductCatalogTest","tests.ProductCatalogTest","TC_PRODUCT_006_Verify_Product_Details","TC_PRODUCT_006_Verify_Product_Details",""
"passed","Wed Sep 09 08:18:47 UTC 2026","Wed Sep 09 08:18:47 UTC 2026","391","Sauce Demo Automation Suite","All Tests","tests.LoginTest","tests.LoginTest","TC_LOGIN_006_Locked_Out_User","TC_LOGIN_006_Locked_Out_User",""
"passed","Wed Sep 09 08:19:56 UTC 2026","Wed Sep 09 08:19:56 UTC 2026","178","Sauce Demo Automation Suite","All Tests","tests.CartOperationsTest","tests.CartOperationsTest","TC_CART_009_Cart_Badge_Accuracy","TC_CART_009_Cart_Badge_Accuracy",""
"passed","Wed Sep 09 08:19:08 UTC 2026","Wed Sep 09 08:19:08 UTC 2026","241","Sauce Demo Automation Suite","All Tests","tests.CheckoutFlowTest","tests.CheckoutFlowTest","TC_CHECKOUT_002_Checkout_Empty_First_Name","TC_CHECKOUT_002_Checkout_Empty_First_Name",""
"passed","Wed Sep 09 08:18:59 UTC 2026","Wed Sep 09 08:18:59 UTC 2026","74","Sauce Demo Automation Suite","All Tests","tests.ProductCatalogTest","tests.ProductCatalogTest","TC_PRODUCT_005_Sort_Price_High_to_Low","TC_PRODUCT_005_Sort_Price_High_to_Low",""
